Age,Income,Profession,Family_Size,Graduated_College
48,17546,Healthcare,4,No
40,30085.1,Engineer,3,Yes
51,16575.4,Engineer,1,Yes
23,20375.4,Lawyer,2,Yes
57,50576.3,Entertainment,6,Yes
57,37869.6,,2,No
22,8877.07,Healthcare,3,Yes
58,24946.6,Healthcare,3,
37,25304.3,Engineer,3,Yes
54,24212.1,Artist,4,Yes
66,59803.9,Engineer,3,Yes
52,26658.8,Healthcare,4,No
44,15735.8,Executive,2,No
66,55204.7,Lawyer,1,No
36,19474.6,Doctor,1,No
38,22342.1,Healthcare,2,No
37,17729.8,Homemaker,5,No
46,41016,Healthcare,6,No
62,26909.2,Entertainment,4,Yes
31,22522.8,Artist,1,
61,57880.7,Homemaker,1,Yes
50,16497.3,Healthcare,4,No
54,38446.6,Artist,2,Yes
27,15538.8,Artist,2,Yes
22,12640.3,Executive,3,No
56,41034,Artist,3,No
45,20809.7,Healthcare,8,No
39,20114,,3,Yes
39,29359.1,Artist,1,Yes
61,24270.1,Artist,4,No
