CustomerId,Surname,Balance,CreditScore,EstimatedSalary,Tenure,Age,HasCrCard,IsActiveMember,Exited,Geography,Gender
15585865,Westerberg,1845.259074,452.7268237,5584.605898,3,38,No,No,Yes,Germany,Male
15586174,Brodney,2453.108803,537.8426063,7073.825767,3,30,Yes,No,Yes,Germany,Female
15582116,Ma,2746.633137,423.4221522,4141.057033,1,45,Yes,Yes,No,Spain,Female
15570908,Harding,4292.908705,667.5737411,6529.51101,3,29,Yes,Yes,No,France,Male
15584620,Su,4593.378589,540.869667,5716.800344,2,36,Yes,Yes,No,France,Male
15590241,Chuang,2160.114494,426.0748745,4545.256537,1,34,No,Yes,No,Spain,Male
15570912,Ogbonnaya,1812.429068,556.9097505,4487.045514,2,32,Yes,No,No,Spain,Male
15566253,Manning,2266.589882,582.3540832,6673.220513,1,44,No,No,Yes,Germany,Female
15574071,Muravyova,2075.152726,574.7872372,6041.989291,2,23,No,No,Yes,France,Female
15575623,Simpson,1875.40384,475.9734698,5401.369032,3,31,Yes,No,No,Germany,Male
15570947,Bruny,5164.218419,659.2372793,9081.633577,1,29,No,Yes,No,Germany,Male
15583736,Shih,1605.444508,552.2470059,5560.431978,2,36,Yes,No,No,France,Female
15586880,P'eng,3720.846955,453.4998042,5839.767835,1,41,No,Yes,Yes,Germany,Female
15569641,Sung,2503.651858,284.6694573,2869.810337,1,41,No,No,Yes,Germany,Male
15589420,Osinachi,4652.973148,619.9526607,5864.223169,1,40,No,Yes,No,France,Female
15589666,Sorokina,1801.285361,508.1247421,5481.557196,1,39,No,No,Yes,France,Male
15575002,Ferguson,2956.71397,513.4697448,5685.257104,3,29,No,Yes,Yes,France,Female
15567893,Lei,4622.482204,603.1277981,5406.888009,3,33,No,Yes,No,France,Male
15573086,Millar,2630.547612,584.9721523,8046.599681,3,42,Yes,No,Yes,Germany,Male
15587421,Tsai,2627.701742,577.9357373,6325.196099,3,34,No,No,No,France,Male
15572801,Krischock,4213.899897,609.073085,5253.75252,3,34,Yes,Yes,Yes,Spain,Male
15572408,Chambers,4074.517016,584.6617743,7408.430896,3,39,No,Yes,Yes,Germany,Male
15591135,Forster,3549.500178,517.1311605,5233.120144,3,37,No,Yes,Yes,Spain,Female
15571571,Ting,1299.299147,302.2674867,2869.10045,1,31,No,No,Yes,France,Female
15588986,Grant,4494.813572,574.8311896,5407.185815,2,29,Yes,Yes,Yes,France,Male
15585287,Sal,2214.442059,512.44886,5342.197237,3,35,No,No,No,France,Male
15569098,Winifred,3611.674146,486.2340461,4987.728069,1,44,Yes,Yes,Yes,France,Female
15585249,Mironova,881.3156689,359.026919,5566.851531,3,42,No,No,Yes,Germany,Female
15579074,Obiajulu,1549.66615,458.9791098,4277.220026,2,38,Yes,No,Yes,Spain,Male
15573112,Kang,2371.152373,548.3884991,5548.702052,3,29,Yes,No,Yes,Spain,Female
15589195,Bluett,2791.141278,635.7015272,7800.267052,1,38,No,No,No,Germany,Female
15570051,Gill,1835.280229,502.2260451,6091.122254,2,38,Yes,No,No,Germany,Female
15576935,Ampt,1996.539375,541.1081705,5280.573099,1,43,No,No,Yes,Spain,Female
15579559,Chienezie,3399.174357,504.4945077,6899.863172,2,30,No,Yes,No,Germany,Male
15589660,Lamble,524.1301588,375.2589679,4467.807261,2,32,Yes,No,Yes,France,Male
15567993,Palmer,3716.264357,467.5095666,5888.949897,2,28,Yes,Yes,Yes,Germany,Female
15582951,Crawford,2268.062658,475.0310466,4353.104496,3,25,Yes,No,No,France,Female
15590268,Chu,3908.119132,503.940085,5169.598921,2,35,No,Yes,Yes,France,Male
15574068,Norman,4457.518636,616.7642349,8641.95429,3,56,Yes,Yes,No,Germany,Female
15574167,Fox,3809.132214,589.5493719,6288.916674,2,33,Yes,Yes,Yes,Spain,Male
15581237,Biryukova,3317.852147,491.3784767,4898.302541,1,33,Yes,Yes,No,France,Female
15574868,Lowell,1883.83579,493.5268879,5611.934904,3,36,Yes,No,No,Germany,Male
15567506,Cheatham,4441.739037,579.605039,5469.94606,1,40,No,Yes,No,Spain,Female
15576360,Ch'iu,1522.947906,569.9303948,6162.832729,2,40,Yes,No,Yes,France,Female
15574608,Sidorova,2687.342491,442.1502451,6259.746563,1,36,Yes,No,No,Germany,Male
15570932,Pirozzi,1722.626457,424.2102413,3633.562608,2,43,No,No,No,France,Male
15569394,Bailey,3962.350226,539.6276366,5483.769529,2,24,Yes,Yes,Yes,France,Female
15576745,Fyodorov,2274.213188,584.7327812,5524.628345,3,48,Yes,No,Yes,Spain,Male
15585282,Trevisano,959.6911089,499.9493971,6007.060877,3,62,No,No,No,France,Female
15578809,Hao,4020.782915,586.397157,7734.914897,3,40,No,Yes,No,Germany,Female
15591360,Udinesi,4740.294241,554.6190712,6567.527788,2,33,No,Yes,No,Germany,Male
15583303,Monaldo,3954.853231,445.775232,4699.481316,2,29,Yes,Yes,No,France,Female
15582276,Greco,4455.8367,540.3475827,5167.547799,1,34,No,Yes,Yes,Spain,Female
15583552,Donaldson,3433.716437,389.2856324,4879.501203,3,44,No,Yes,No,Germany,Female
15589572,Otutodilichukwu,4472.770464,646.0329015,6146.550782,3,61,Yes,Yes,No,France,Female
15566211,Hsu,2994.147827,708.321649,7657.942903,2,41,Yes,No,Yes,France,Female
15572114,Shih,1644.916659,475.8246994,4276.854592,1,40,No,No,Yes,France,Female
15587177,Lloyd,2897.362791,395.0971226,5213.008296,2,36,No,Yes,No,Spain,Female
15573926,Lung,4442.728916,561.9501528,6084.596302,2,38,No,Yes,Yes,Spain,Male
15567328,Ch'en,2568.532923,499.1733982,5592.652627,1,38,No,No,No,Germany,Male
15567078,Kovaleva,5111.133621,747.8965906,6685.410695,1,27,Yes,Yes,No,France,Male
15578671,Webb,2874.69124,516.9028422,6698.311714,3,29,No,Yes,No,Germany,Female
15569247,Mitchell,4568.403701,585.2026696,5726.080412,2,57,Yes,Yes,No,Spain,Male
15575399,Somadina,2710.065396,515.777706,5355.538442,3,42,Yes,No,No,Spain,Female
15576990,Taplin,4202.560903,435.6971014,4682.842431,3,25,No,Yes,No,Spain,Female
15590683,Donaldson,1696.565502,530.2760339,4451.024471,1,31,Yes,No,Yes,France,Male
15579820,Robertson,2322.337081,325.9746065,4810.276415,3,38,No,Yes,No,Germany,Male
15573893,Barry,3177.540692,659.6955719,8381.709401,2,25,Yes,No,Yes,Germany,Female
15589431,Pedder,3570.958164,532.7264036,5228.490862,1,47,Yes,Yes,Yes,France,Male
15580493,Chin,6022.985079,732.6783166,8622.90921,3,33,No,Yes,Yes,France,Male
15569526,Morales,3063.678615,553.4847316,6182.420863,3,40,Yes,Yes,No,Spain,Female
15566380,Drury,1341.470222,430.9109727,5479.8699,3,33,Yes,No,Yes,Germany,Female
15566633,Freeman,4007.408518,570.5243569,7419.926166,3,55,No,Yes,Yes,Germany,Male
15586674,Shaw,2988.217128,418.7946837,3861.021762,2,58,Yes,Yes,No,Spain,Male
15567367,Tao,2069.151693,391.3916299,3740.50826,3,42,No,No,No,France,Male
15570299,Martin,3950.987052,532.5515761,5995.381986,2,31,Yes,Yes,No,France,Male
15581229,Gregory,2435.077701,467.4927356,4971.13699,2,32,No,No,No,France,Female
15575417,Chou,1684.283064,511.2780343,5476.232352,3,37,Yes,No,Yes,Spain,Female
15588622,Marchesi,1072.648903,523.4039087,5028.329448,3,25,Yes,No,No,France,Female
15569626,Miller,1025.163892,450.9083555,6443.295092,1,35,Yes,No,No,Germany,Male
15586243,Yobachi,2922.738419,451.3466324,6318.521463,3,44,No,Yes,Yes,Germany,Male
15592078,Davide,854.7131092,490.7480678,5017.789405,2,27,No,No,Yes,Spain,Female
15572792,Bellucci,3794.334981,625.2215972,7996.15098,3,35,Yes,Yes,No,Germany,Female
15583580,Chiawuotu,1735.421989,355.8327011,3146.475588,1,35,Yes,No,No,Spain,Female
15585284,Thomson,3085.662208,581.1473904,6959.584528,2,35,No,No,Yes,Germany,Female
15590337,Golubov,4074.733218,555.527694,6548.160957,1,29,Yes,Yes,Yes,Germany,Female
15584776,Shen,3288.105362,615.4764673,7695.10383,1,37,No,No,Yes,Germany,Male
15583067,McMillan,1946.195024,474.3632704,4985.2143,2,36,No,No,Yes,Spain,Female
15573628,Greene,4133.261437,537.1372063,5112.905594,3,51,Yes,Yes,Yes,France,Male
15579914,Garcia,2439.561243,539.2832372,5748.472119,1,30,Yes,No,Yes,Spain,Male
15569249,Howarth,3580.165988,450.295129,4648.961399,1,55,Yes,Yes,Yes,Spain,Male
15573242,Greene,4347.981569,642.2100772,7995.161906,3,50,No,Yes,No,Germany,Female
15577695,Zito,4785.823252,621.6121737,8130.65304,2,41,Yes,Yes,No,Germany,Male
15566139,Ts'ui,4579.000986,580.5768971,7678.045168,1,37,No,Yes,Yes,Germany,Male
15569807,Ejimofor,4979.274297,687.7347289,6521.966007,1,34,Yes,Yes,No,Spain,Male
15575679,Lori,3562.335312,560.3040926,6496.965537,2,24,No,Yes,Yes,France,Female
15587013,Tien,1266.060204,383.8786123,4408.570208,1,31,Yes,No,No,France,Female
15582149,Ts'ui,1615.887245,447.1389862,4332.887211,2,34,Yes,No,No,France,Male
15591932,Ford,2326.743804,389.2770068,4122.649979,1,32,No,Yes,Yes,Spain,Male
15578374,Gilroy,1758.750681,458.2936137,5328.827558,3,36,No,No,Yes,France,Male
15568904,Kruglova,2688.424733,448.3498479,5811.993734,1,34,No,No,Yes,Germany,Female
15578603,Alexeieva,1081.884066,512.7272441,5103.794804,1,54,No,No,No,France,Male
15586133,Pisano,2224.284341,412.9916239,3172.599311,1,44,No,Yes,Yes,France,Female
15588859,Rowley,4005.615538,525.8593407,5256.03021,3,44,Yes,Yes,No,Spain,Male
15591724,Liu,1195.199376,449.4995408,4524.719563,2,44,Yes,No,Yes,France,Male
15577999,Sleeman,2445.863782,694.6985642,6375.952066,3,62,No,No,Yes,Spain,Male
15583725,Mairinger,2464.589828,574.8071912,5750.31225,3,48,No,No,No,France,Male
15577913,Oliver,2840.852806,599.7693683,7355.180467,2,32,Yes,No,Yes,Germany,Female
15572291,Kao,2666.649663,554.2156584,5881.679621,1,40,Yes,No,Yes,Spain,Female
15570601,Cheng,4617.310508,672.6464963,6732.912327,2,47,Yes,Yes,Yes,Spain,Male
15570857,Kambinachi,2739.965293,433.7838512,5548.650987,2,39,No,Yes,Yes,Germany,Male
15591123,Iredale,1755.769588,459.1560142,4783.499854,2,68,No,No,No,France,Male
15578307,Lucchese,2154.551193,648.3920266,6007.519735,2,33,No,No,No,France,Male
15574886,Palerma,3248.853783,445.1678076,4268.157427,1,32,Yes,Yes,No,France,Female
15584928,Ugochukwutubelum,1891.851864,487.2432417,6491.517499,2,32,Yes,No,No,Germany,Female
15579433,Pugh,1987.620539,471.8766877,4364.141144,1,29,No,No,Yes,France,Male
15581700,Paterson,3524.782461,475.8888511,4973.621798,1,43,Yes,Yes,No,France,Female
15588587,Stetson,3172.303571,483.9592617,5926.287895,1,36,No,Yes,No,Germany,Female
15571778,Trentini,1663.064709,557.5888043,7262.034915,3,55,No,No,Yes,Germany,Male
15585748,McDonald,2045.256622,498.217459,5264.686435,2,28,No,No,No,France,Male
15576126,Young,2160.377214,455.7176162,5272.29186,1,41,Yes,No,No,Germany,Male
15574142,Chuang,4945.585482,645.7572157,6753.780837,1,28,Yes,Yes,Yes,France,Female
15585047,Onyemere,3950.82737,484.1178113,6820.518909,3,28,Yes,Yes,Yes,Germany,Male
15581332,Pan,2279.410229,493.0843794,4816.142077,3,30,Yes,No,No,France,Female
15589296,Brown,2020.144914,499.742275,6095.960234,1,40,No,No,Yes,Germany,Female
15588537,Robinson,2374.371101,572.8440275,7181.051209,3,41,Yes,No,No,Germany,Male
15571284,Elmore,3467.874569,501.9224268,6792.503164,1,32,Yes,Yes,No,Germany,Female
15571586,Briggs,3066.57098,512.1376512,4837.922105,1,29,No,Yes,No,France,Female
15581893,Ginikanwa,2376.55131,445.2409517,3271.295995,1,43,No,Yes,Yes,Spain,Male
15569430,Burrows,2001.861574,478.2892109,7047.078838,2,36,No,No,No,Germany,Male
15589230,Wu,3053.346958,510.0544618,7567.006637,1,63,No,Yes,Yes,Germany,Female
15576706,Ajuluchukwu,3430.00153,456.9566946,3456.97986,1,37,No,Yes,No,France,Female
15581440,Christie,2583.581303,563.5456278,6650.469245,3,48,Yes,No,Yes,Germany,Female
15576000,Chibueze,3587.571121,355.9017231,3219.903203,2,40,Yes,Yes,Yes,Spain,Female
15587562,Hawkins,4198.87376,548.8659271,5889.811547,3,29,Yes,Yes,No,France,Female
15580203,Kennedy,1482.195098,352.507056,3820.556884,3,39,Yes,No,No,Spain,Male
15576065,Sims,1864.041577,481.4191921,4004.367139,2,40,Yes,No,No,France,Male
15572265,Wu,1472.563425,463.5806967,4424.115165,1,46,Yes,No,No,Spain,Male
15575243,Gorbunova,1787.936572,447.8016359,6320.473558,3,39,No,No,Yes,Germany,Male
15583049,Wallace,3470.008665,502.7752109,5114.302925,2,34,Yes,Yes,Yes,France,Female
15575694,Yobachukwu,2065.586445,316.4719669,3334.455248,3,45,Yes,Yes,Yes,Spain,Female
15577771,Akabueze,4337.248027,629.4340089,6790.168281,2,40,Yes,Yes,Yes,France,Female
15571221,Bergamaschi,2663.823567,346.070162,4297.738372,1,58,Yes,Yes,Yes,France,Male
15582714,Napolitani,2009.214372,463.7399969,4555.086133,3,47,No,No,Yes,France,Male
15578096,Nnachetam,1818.0973,405.0002344,5060.37363,3,26,No,No,Yes,Spain,Female
15574296,Kambinachi,2385.164629,434.5889399,3849.78524,3,23,Yes,Yes,No,France,Female
15580682,Tsai,3096.418621,715.2151742,6394.362639,3,40,No,No,No,Spain,Male
15589488,Ch'eng,3377.169576,514.4261926,6367.945652,2,56,No,Yes,Yes,Germany,Female
15581323,White,1196.976436,370.3610353,4410.804801,3,28,Yes,No,Yes,Germany,Male
15578435,Langlands,2177.07861,347.8993153,3266.878068,2,40,Yes,Yes,Yes,Spain,Female
15570002,Burlingame,2643.030357,557.5035149,5456.820216,2,55,No,No,No,Spain,Female
15583863,Chimaobim,1797.515307,507.0196432,4377.233679,1,49,No,No,No,Spain,Male
15585427,Madueke,2949.697546,472.6074467,4395.509081,3,26,No,Yes,Yes,France,Female
15574122,Tien,2757.178542,415.0888122,6696.741739,1,34,No,Yes,Yes,Germany,Female
15574584,Fang,3388.702377,369.0031207,4008.881201,1,33,No,Yes,No,France,Female
15567832,Shih,2844.181151,398.7631979,3872.03064,1,40,Yes,Yes,No,Spain,Male
15580845,Chienezie,4661.00771,598.3443198,7060.11574,2,57,Yes,Yes,Yes,Spain,Male
15591577,Moran,1990.079175,451.9345577,5038.431001,3,35,Yes,No,No,Spain,Male
15580043,Murray,1363.242676,369.050762,5365.896695,1,22,No,No,No,Germany,Female
15578045,Mitchell,3120.967408,694.3746294,6942.440983,2,49,Yes,No,Yes,Spain,Male
15583456,Gardiner,4349.484983,546.4332175,7157.806057,1,45,Yes,Yes,Yes,Germany,Female
15584580,Fyodorova,2614.322492,486.0224968,6871.283773,3,35,No,No,No,Germany,Male
15588944,Maughan,4537.75216,619.3545014,7601.248935,3,63,No,Yes,Yes,Germany,Male
15577514,Mai,4189.626446,595.704855,5809.027449,2,36,Yes,Yes,Yes,Spain,Female
15588449,Chuang,1694.03806,445.0420555,5900.755086,2,27,No,No,No,Germany,Female
15589437,Lu,5264.132999,736.0934475,7248.228914,1,26,Yes,Yes,No,Spain,Male
15580252,Waters,2180.618373,483.2597486,6394.823284,1,44,Yes,No,No,Germany,Male
15566958,Li Fonti,3236.167174,366.7510264,4446.783234,2,39,Yes,Yes,Yes,Spain,Female
15566894,Gray,3950.842553,492.4311486,7300.815158,3,39,Yes,Yes,Yes,Germany,Female
15580701,Ma,2118.484252,535.2560071,6521.894758,2,33,Yes,No,Yes,Germany,Female
15568748,Poole,2928.023106,735.8268718,7391.422699,2,45,Yes,No,Yes,France,Male
15571958,McIntosh,4015.79826,524.8264887,4959.631907,3,40,No,Yes,Yes,Spain,Male
15580629,Blackwood,3533.125359,559.728392,7322.081633,1,31,Yes,Yes,No,Germany,Female
15567383,Slone,1540.083839,499.9467018,4914.808148,2,44,Yes,No,No,France,Male
15574352,Clogstoun,3589.373763,480.8420173,5248.09594,1,43,Yes,Yes,Yes,France,Female
15584091,Pitts,3766.852385,511.4612465,5187.568622,2,36,No,Yes,No,Spain,Male
15582325,Jennings,2762.786153,591.642062,7948.588777,3,52,Yes,No,No,Germany,Female
15573456,Cunningham,2867.503006,727.6487111,7477.779218,2,46,No,No,No,Spain,Male
15572428,Rieke,4873.846742,602.9274779,7045.776143,2,33,Yes,Yes,No,Germany,Male
15574324,Genovese,4599.556118,624.9662352,8418.897485,3,29,No,Yes,No,Germany,Male
15571940,Afamefula,2218.768452,379.9850618,5019.02343,2,22,No,Yes,No,Germany,Male
15584930,Grimmett,2110.792193,609.2279567,5832.202561,2,30,Yes,No,Yes,Spain,Male
15572547,Vaguine,3992.729004,539.9156258,6223.581232,3,45,No,Yes,Yes,Germany,Female
15572174,Mazzi,2837.419305,371.6644419,3307.957886,1,29,No,Yes,No,Spain,Female
15569410,Tang,2125.849656,564.5437578,5137.878251,2,33,Yes,No,No,Spain,Male
15585388,Sherman,3723.747368,498.5179058,7086.242744,2,31,No,Yes,Yes,Germany,Male
15568360,Rolon,4305.818799,655.7343568,8899.139468,3,41,Yes,Yes,Yes,Germany,Female
15577985,Chinomso,2945.563793,435.7366588,4755.017463,1,34,Yes,No,Yes,Spain,Male
15580872,Chinweike,1758.816181,468.860002,4785.987836,2,38,No,No,Yes,Spain,Male
15568088,Jamieson,1233.543027,413.5838489,4010.23042,3,44,Yes,No,Yes,Spain,Female
15591969,Kuo,2220.50056,490.8231292,6006.756522,2,27,Yes,No,Yes,Germany,Female
15573452,Manning,3924.96754,549.5269716,7008.986382,3,42,Yes,Yes,Yes,Germany,Female
15581036,Beyer,1230.282505,443.7944118,6565.04804,3,40,Yes,No,No,Germany,Male
15590177,Chiedozie,3818.637739,587.8523733,6078.247962,2,44,No,Yes,Yes,France,Female
15584113,Pratt,1872.327615,378.6200456,3698.096092,1,53,Yes,No,Yes,Spain,Female
15579207,Watkins,968.2798467,409.0429498,3996.387287,1,37,Yes,No,No,France,Male
15579526,O'Meara,3978.419359,650.0349676,8432.319683,1,42,Yes,Yes,No,Germany,Male
15591248,Chukwumaobim,2670.60151,406.2347189,5940.231518,3,29,Yes,No,No,Germany,Male
15589147,Frolov,3997.699201,555.7209964,5371.9093,2,61,No,Yes,Yes,France,Male
15584785,Ogochukwu,3916.396342,468.0769636,5702.927048,2,37,No,Yes,No,Germany,Male
15566467,Hannah,1229.590888,549.2348491,7245.733758,3,32,No,No,No,Germany,Male
15590146,Mao,2894.352771,686.3994513,7062.113933,1,50,Yes,No,No,Spain,Male
15590327,Liao,2381.277641,671.3003819,9202.974722,3,42,Yes,No,Yes,Germany,Female
15569222,Mendes,3658.756966,479.6201767,4416.457433,2,32,No,Yes,No,France,Female
15572356,Tsai,1875.032376,280.7930797,3033.194584,2,73,No,No,Yes,Spain,Female
15590828,Chidimma,3015.778125,754.0824897,9741.322812,1,42,Yes,No,No,Germany,Female
15571121,Kodilinyechukwu,4624.525879,569.2234809,7045.761847,1,50,No,Yes,Yes,Germany,Female
15567630,Bruce,2060.839864,563.0158054,6774.903726,1,40,No,No,Yes,Germany,Female
15591433,Miles,2842.446359,518.6686438,4476.385538,3,43,Yes,No,No,Spain,Female
15580487,Martin,2904.998422,562.1193614,7305.622923,3,38,Yes,No,Yes,Germany,Male
15586264,Murray,2066.276363,494.3842814,4591.564436,3,43,No,No,Yes,France,Male
15569682,Leckie,4224.535573,553.7325824,7052.315139,1,37,No,Yes,No,Germany,Male
15572360,Clark,3455.501751,468.0492856,5836.605922,2,30,Yes,Yes,Yes,Germany,Male
15587394,Thomson,2739.977892,365.9854421,5790.972954,3,39,No,Yes,No,Germany,Female
15567860,Burrows,4441.364967,622.1625307,7055.21555,1,44,Yes,Yes,Yes,Spain,Female
15584897,Kuo,5019.372216,659.8560721,6253.450131,2,31,Yes,Yes,Yes,Spain,Female
15570895,Ch'in,3296.113758,477.6329355,5821.585055,3,42,No,Yes,No,France,Female
15575146,Jamieson,2432.362867,375.7093158,3236.524111,1,51,Yes,Yes,Yes,Spain,Male
15589017,Chiu,2548.49259,572.9840894,8068.837911,2,55,Yes,No,No,Germany,Female
15581370,Andreyeva,1814.417354,504.2925667,5202.315127,2,38,No,No,No,Spain,Female
15581388,Y?an,113.3269682,335.4006074,3041.834493,3,33,No,No,Yes,Spain,Male
15587581,Russo,2433.525021,501.2784955,6084.30107,3,33,No,No,No,Germany,Male
15590213,Ch'en,3873.17109,455.8932807,6406.236227,2,35,No,Yes,No,Germany,Female
15568595,Fleming,2561.234189,484.7210738,6782.705032,3,64,Yes,No,No,Germany,Male
15586069,Abernathy,3553.456161,397.7907648,3505.710825,2,30,Yes,Yes,No,Spain,Female
15591286,Simmons,2889.621171,684.8104876,7248.349005,3,49,Yes,No,Yes,France,Male
15569274,Pisano,1152.100756,480.4593431,6647.44222,2,49,No,No,No,Germany,Female
15569878,Dale,1163.216129,348.2163072,3100.630918,3,37,No,No,Yes,Spain,Male
15573045,Earl,2408.915136,528.120413,5785.965184,2,62,No,No,Yes,Germany,Female
15577423,Mosley,3300.300183,543.1307861,5356.827467,3,39,No,Yes,No,France,Male
15592091,Belbin,2810.664587,405.277917,3863.763816,3,31,No,Yes,No,Spain,Female
15571302,Estep,557.974684,218.5518367,2577.767054,1,72,Yes,No,Yes,Germany,Male
15568562,Moss,3490.848087,442.2958547,6482.630404,2,40,Yes,Yes,Yes,Germany,Male
15574169,Trevisano,2298.08059,567.1495236,7390.764571,2,32,No,No,Yes,Germany,Female
15567834,Nieves,1953.907825,496.1633528,6679.581518,2,49,Yes,No,No,Germany,Male
15583597,Ikedinachukwu,2849.591483,496.6654593,4991.675262,2,47,No,No,Yes,France,Male
15568915,Bailey,4243.546799,569.6617333,8145.01417,3,38,Yes,Yes,No,Germany,Female
15576162,King,2535.857295,393.6802107,5455.849076,3,32,Yes,Yes,No,Germany,Female
15585451,Vigano,2545.209292,614.8081929,6450.687444,3,32,No,No,Yes,Spain,Female
15583212,Chidozie,2575.36327,512.2616858,4387.092025,3,43,Yes,No,No,France,Female
15577905,Hammond,2841.287835,568.567868,5862.417746,1,34,No,No,Yes,France,Female
15570990,Begley,2675.903317,611.7083488,6530.892727,3,30,No,No,Yes,France,Male
15573348,Maclean,2211.428101,535.9132075,6933.557143,2,35,No,No,No,Germany,Female
15583548,Harrison,2190.255677,418.8340518,5313.614186,2,47,No,No,No,France,Male
15583394,Zuyev,2529.393233,626.1144425,6544.68011,1,39,Yes,No,Yes,Spain,Female
15579781,Buccho,2551.273369,302.017074,2522.088523,3,31,No,Yes,No,Spain,Female
15585100,Rioux,3627.555929,459.75989,6426.832811,3,40,No,Yes,Yes,Germany,Male
15572182,Onwuamaeze,2989.785084,475.1809848,4827.711191,1,33,No,Yes,Yes,France,Female
15590011,Hughes,1282.712236,491.7696432,4767.042451,1,38,No,No,Yes,France,Female
15582797,Ch'iu,2784.910125,610.7701503,6137.296661,1,35,Yes,No,Yes,Spain,Male
15591279,Nwagugheuzo,2588.407285,523.9267954,5389.046117,3,37,No,No,No,Spain,Female
15583138,Persse,3636.633219,546.5993022,7228.183706,2,42,Yes,Yes,Yes,Germany,Male
15570192,Henry,1952.900024,512.1831711,5167.191681,1,40,No,No,No,Spain,Female
15582519,Seleznyov,2144.724313,478.0839848,6194.897187,2,47,Yes,No,No,Germany,Male
15591107,Flemming,2676.853477,580.8257664,7968.490527,3,68,Yes,No,No,Germany,Male
15579130,Chidiegwu,2894.972693,609.9239672,6963.506887,1,43,Yes,No,Yes,Spain,Male
15582591,Chiabuotu,2129.047722,269.7024576,2583.817796,1,59,Yes,Yes,Yes,France,Female
15576216,Chienezie,4159.082983,569.8222834,5752.984789,2,37,No,Yes,Yes,France,Male
15584364,Trentini,2653.968497,542.0488407,5693.609485,2,48,Yes,No,No,Spain,Female
15571666,Shaw,2265.949159,470.9973927,6161.594807,2,30,Yes,No,Yes,Germany,Female
15579891,Milani,4404.970494,606.7561625,7656.928021,2,52,No,Yes,No,Germany,Male
15581736,Bartlett,2021.699173,475.9579192,6570.450629,1,47,Yes,No,No,Germany,Male
15574119,Okwuadigbo,4045.358672,477.3502344,5608.44173,3,64,No,Yes,Yes,France,Female
15583692,Chan,3829.371457,590.8880783,8136.04099,2,35,No,No,No,Germany,Female
15570835,Fallaci,2751.966862,673.1050732,9026.049639,3,57,No,No,Yes,Germany,Male
15588854,Wu,2113.233611,535.3931384,4742.810205,1,31,Yes,No,Yes,Spain,Female
15569670,Alexeyeva,1278.788542,461.0875953,4524.846542,3,30,No,No,Yes,Spain,Male
15565796,Docherty,2478.027629,394.5294507,4436.117338,3,48,Yes,Yes,No,Germany,Male
15574213,Wilson,2153.275664,477.2531054,6235.130785,1,53,Yes,No,Yes,Germany,Male
15581811,Chukwubuikem,2725.739166,426.9658291,3676.315336,1,30,Yes,Yes,No,Spain,Female
15568876,Hughes,3169.515744,478.3182037,5391.723571,2,34,Yes,No,Yes,France,Female
15589793,Onwuamaeze,3643.060954,555.3463571,5768.992964,1,53,No,Yes,No,France,Male
15584320,Brennan,1481.404547,422.177449,3997.434009,2,39,Yes,No,No,Spain,Male
15566378,Tillman,5243.180941,767.6335481,8355.135787,3,48,No,Yes,No,France,Female
15583857,Siciliano,3278.053275,528.4660044,5127.597578,2,43,No,Yes,No,Spain,Female
15571281,Ts'ao,5064.452021,615.8538382,5605.258128,3,28,Yes,Yes,No,France,Female
15576824,Kennedy,311.5973552,275.8116769,2777.229137,1,44,Yes,No,No,France,Male
15589257,Grant,4349.660093,580.4345563,6180.234942,2,35,Yes,Yes,Yes,Spain,Female
15587066,Kovaleva,3325.632266,379.4300203,4224.567756,3,38,No,Yes,Yes,Germany,Male
15591509,Milano,3462.722721,596.9857641,5556.825156,2,36,Yes,Yes,No,France,Male
15589739,North,2784.052591,555.2022672,6111.869888,1,41,Yes,No,No,Spain,Male
15583076,Deleon,1522.160337,463.2522702,4352.45168,3,41,No,No,No,Spain,Female
15575147,Wall,4207.941772,643.5090482,7241.586775,3,22,Yes,Yes,No,Spain,Male
15588372,Kirsova,2966.463612,440.5922682,6184.943073,1,37,No,Yes,Yes,Germany,Male
15588350,McIntyre,2489.263785,446.6098191,4613.093412,1,43,Yes,Yes,Yes,Spain,Male
15591766,Crawford,2726.767996,407.7496648,3900.120283,3,25,No,Yes,Yes,Spain,Female
15581252,Dolgorukova,2831.516189,439.9012419,3988.786415,3,29,Yes,Yes,Yes,France,Female
15571002,Yusupov,4023.18311,609.315467,6158.594127,1,44,No,Yes,Yes,France,Female
15586757,Anenechukwu,3947.606091,561.1504781,5722.794812,2,32,Yes,Yes,Yes,Spain,Female
15579808,Kramer,4953.727953,605.3119396,6302.133156,3,39,No,Yes,Yes,Spain,Female
15587266,Douglas,3599.913501,475.6409956,6444.19706,3,27,No,Yes,No,Germany,Male
15567431,Kodilinyechukwu,3189.143693,547.2597995,6029.535519,2,64,No,No,Yes,Spain,Female
15589358,Stanley,2041.728006,524.5805157,5499.855541,2,31,Yes,No,No,France,Male
15582335,Brown,1349.304353,363.5947475,4111.056759,1,40,No,No,Yes,Germany,Female
15570141,P'eng,5104.926684,690.1486746,6603.520687,2,34,No,Yes,Yes,France,Male
15581525,Walker,3579.315604,524.1702992,7349.681176,3,33,No,Yes,Yes,Germany,Female
15573319,Azubuike,1475.551836,574.3483433,7143.325624,3,35,No,No,No,Germany,Male
15585379,Humphries,3650.686146,608.4152611,6448.2586,1,39,No,Yes,Yes,Spain,Male
15592000,Calabresi,4381.899567,508.2186898,4919.232787,3,48,No,Yes,Yes,Spain,Male
15575759,Bentley,4051.261216,477.8959138,6855.220987,3,40,Yes,Yes,Yes,Germany,Female
15570681,Chiang,2767.53567,595.8295291,5905.640788,1,24,No,No,No,France,Male
15588580,Kennedy,2022.966265,415.1280452,5339.210122,2,36,Yes,No,No,Germany,Female
15566030,Tu,2369.66507,706.6837452,6861.18792,3,41,No,No,Yes,Spain,Male
15590876,Knupp,2536.998046,471.5667031,4085.142257,3,24,No,No,No,France,Male
15584229,Simon,2891.632487,669.7972455,8750.002961,3,23,No,No,No,Germany,Female
15591100,Chiemela,2069.726428,654.5006188,6602.563426,3,36,No,No,No,Spain,Male
15570629,Alexeyeva,1922.253285,510.6807945,6103.475495,3,72,Yes,No,Yes,France,Male
15586752,Parkes,3506.527789,564.6122504,4972.197814,2,33,Yes,Yes,Yes,France,Male
15588670,Despeissis,1150.82797,414.3497744,5040.342857,2,40,No,No,Yes,Germany,Female
15570379,Whitelegge,1692.512474,551.0696245,3996.275011,1,51,Yes,No,Yes,Spain,Male
15589869,Tang,2346.576777,622.2030695,6879.290412,3,49,No,No,Yes,France,Female
15579223,Niu,2808.660601,526.3916265,5445.311889,1,30,No,Yes,Yes,Spain,Female
15566563,Duigan,2185.170039,463.3983278,6426.979419,2,30,Yes,No,No,Germany,Female
15580935,Okechukwu,2006.595104,438.3010641,5209.480101,3,33,Yes,No,Yes,Spain,Male
15589496,Arrington,3015.759067,504.7686943,6942.114801,3,34,No,Yes,Yes,Germany,Female
15590993,Findlay,3061.690912,604.8538947,6438.745534,1,37,Yes,No,Yes,Spain,Female
15583764,Wilkes,1914.056542,460.0335426,4443.934207,2,31,Yes,No,No,Spain,Male
15586039,Bergamaschi,2141.24446,506.1983824,5586.889806,3,36,No,No,Yes,France,Female
15570769,Kibble,1820.949054,381.2407651,3395.21534,2,69,No,No,No,Spain,Female
15589019,Morant,2425.573027,564.910727,5678.85668,3,33,No,No,No,Spain,Male
15583681,Layh,2721.643426,643.2368568,7202.845281,3,31,Yes,No,No,France,Female
15568120,Lacross,4458.408527,655.8095495,7103.97765,3,37,Yes,Yes,No,Spain,Female
15572093,Han,4310.486915,600.1880699,6371.842317,2,24,No,Yes,No,Germany,Female
15584477,K?,1651.301325,322.6291846,3127.839209,3,35,Yes,No,No,France,Male
15586029,Davis,4114.922854,553.3251814,5961.819299,3,34,No,Yes,No,France,Male
15569446,Tu,3465.545608,555.9668595,6924.913352,2,34,Yes,Yes,Yes,Germany,Female
15578865,Palerma,3719.993863,467.0669738,4772.182708,3,50,No,Yes,No,France,Male
15567399,Enderby,3645.680916,531.3678423,5635.15796,2,43,No,Yes,Yes,Spain,Male
15571193,Morrison,1236.552869,426.1042465,5721.527626,1,42,Yes,No,Yes,Germany,Female
15565779,Kent,3907.289282,576.1491708,5746.870229,3,30,No,Yes,Yes,France,Male
15591607,Fernie,999.3659133,474.8477541,4240.619475,1,24,Yes,No,No,Spain,Female
15585580,Chang,1667.595483,357.7732512,3730.262846,2,52,Yes,No,Yes,Spain,Female
15577018,Tsao,2796.204329,467.9428825,5589.900134,2,26,Yes,No,No,Germany,Male
15590623,Kovalyov,4588.63812,641.5243885,7967.549084,1,34,Yes,Yes,No,Germany,Male
15586236,Banks,2224.923371,478.6931029,5215.417739,2,31,No,No,No,Spain,Male
15586517,Toscano,2083.911958,581.0184368,6219.050978,2,32,No,No,No,Spain,Male
15566843,Gotch,1964.855162,609.283988,6146.754664,2,20,Yes,No,Yes,Spain,Male
15574369,Bianchi,1722.949001,509.4467664,5442.56194,2,53,Yes,No,No,Spain,Male
15582033,Manfrin,3213.008409,480.7420245,4806.218422,2,44,No,Yes,Yes,France,Male
15575409,Rozhkova,3463.096809,459.5081726,4211.174706,2,31,Yes,Yes,Yes,Spain,Female
15567919,Lazarev,2638.446779,572.7331597,8039.663623,1,37,Yes,No,No,Germany,Male
15588090,Ferri,2825.684516,396.9774016,4125.390367,2,51,No,Yes,Yes,Germany,Female
15567446,Coffman,3776.215088,541.0349604,6173.680896,2,39,No,Yes,Yes,Germany,Female
15590676,Kharlamova,2207.779355,484.5040429,6271.836809,3,34,Yes,No,No,Germany,Female
15580914,Okechukwu,1810.343586,278.675751,3334.894123,3,48,No,Yes,No,Germany,Male
15580146,Hung,2614.612309,362.385986,3774.987035,3,31,Yes,Yes,No,France,Male
15579892,Doyle,2869.778919,606.7702598,5780.88998,3,19,Yes,No,Yes,France,Female
15579566,Li Fonti,3297.366959,486.8132226,5620.443567,2,43,No,Yes,Yes,Spain,Female
15589348,Le Grand,2264.540231,599.336949,5368.047145,3,37,Yes,No,Yes,Spain,Female
15573888,Ponomaryov,4953.242058,707.6051561,9155.796055,2,43,Yes,Yes,No,Germany,Male
15578835,Brookes,2582.106504,650.1146613,7278.660206,2,50,Yes,No,Yes,France,Female
15580462,Corby,3945.016301,573.4985777,5497.566041,3,40,No,Yes,Yes,France,Male
15587573,Castiglione,2287.954729,541.7438704,4578.358779,2,27,No,No,No,Spain,Male
15568849,Bryan,4124.261305,494.0565977,5865.949991,2,31,Yes,Yes,Yes,Spain,Female
15590199,Temple,1760.381181,661.3353311,6724.463001,1,28,Yes,No,Yes,France,Male
15581548,Kaodilinakachukwu,3859.097775,559.4483932,5498.71272,3,22,No,Yes,Yes,France,Female
15569764,Garner,3394.888453,402.7490409,3595.510168,1,41,No,Yes,Yes,France,Female
15577274,Genovese,3738.806285,499.4656139,6261.128515,1,43,No,Yes,No,Germany,Female
15572361,Chill,1162.983438,322.194636,3792.300462,1,34,No,No,Yes,Spain,Male
15587712,Chimaijem,3462.3883,487.154174,6146.419603,2,36,No,Yes,No,Germany,Male
15585768,Cameron,3018.942916,250.7108268,3777.871181,2,41,Yes,Yes,No,Germany,Male
15568487,Gorshkov,4720.968053,644.498603,6279.911866,3,35,No,Yes,Yes,France,Female
15570134,Padovano,1837.742896,440.0395062,5037.78983,2,35,No,No,No,France,Male
15586585,Duncan,3478.670145,466.3808095,5896.181549,2,51,Yes,Yes,Yes,Germany,Male
15568834,Howells,2374.045563,493.946875,5622.290826,1,27,Yes,No,No,France,Female
15580956,McNess,2277.84386,579.6856864,5468.435999,2,43,Yes,No,No,France,Male
15586310,Ting,4461.506286,581.0446813,6144.181974,2,30,No,Yes,Yes,Spain,Male
15589805,Benson,3755.320738,573.2063624,7755.101453,1,34,Yes,Yes,Yes,Germany,Male
15580148,Welch,3234.261701,453.4484745,6189.523957,2,40,Yes,Yes,Yes,Germany,Male
15589018,Padilla,1503.22257,368.108361,4062.29704,2,28,No,Yes,Yes,France,Male
15577806,Chiu,2430.763435,469.4293907,5064.021436,3,54,No,No,No,Germany,Male
15578297,Ebelegbulam,4075.524857,529.46759,5238.778623,1,43,No,Yes,No,France,Male
15584749,Humphries,3464.090375,432.3361467,4228.405267,2,39,Yes,Yes,No,Spain,Female
15587735,Chukwuebuka,4207.538597,510.2000407,6366.50543,1,39,Yes,Yes,Yes,Germany,Female
15580366,Okechukwu,2907.833858,392.9201635,3748.218279,1,54,No,Yes,No,Spain,Female
15569976,Woronoff,3631.765639,504.2645869,5628.095525,3,65,No,Yes,Yes,France,Male
15572728,Ross,3967.184054,528.3212914,5054.929027,2,36,Yes,Yes,No,Spain,Female
15588560,Nwabugwu,2995.64562,496.1090723,4810.017719,1,32,Yes,Yes,Yes,France,Female
15588839,Mancini,1044.14341,491.6775438,5612.460884,1,30,Yes,No,Yes,France,Male
15576517,Everingham,4420.15056,691.9731274,6698.910958,2,34,Yes,Yes,Yes,Spain,Male
15574879,Wright,1912.346981,582.459423,7148.645008,2,37,No,No,Yes,Germany,Male
15571995,Harper,2711.194384,626.8879036,8133.163679,2,33,No,No,No,Germany,Male
15566735,Obialo,2198.859445,413.4669234,5450.953065,2,36,Yes,Yes,Yes,Germany,Male
15568025,Hsueh,1440.138332,528.3912505,7576.233435,1,51,No,No,Yes,Germany,Male
15591711,Sleeman,2236.591573,629.9394049,5393.503557,3,38,No,No,No,Spain,Male
15590820,Ecuyer,3883.972014,497.671564,5006.76525,1,26,No,Yes,Yes,France,Male
15579583,Hall,1170.497621,299.0545526,4477.167727,2,40,No,No,No,Germany,Male
15577700,Rapuokwu,3685.253572,543.9266422,6913.028874,2,37,Yes,Yes,Yes,Germany,Male
15588933,Nwankwo,1530.272298,322.883175,4578.28137,1,36,Yes,No,No,Germany,Male
15567437,Emenike,3186.643503,424.939995,5283.051854,1,30,No,Yes,Yes,Germany,Male
15573798,Yermolayev,5120.915721,641.9655005,6802.651689,2,36,Yes,Yes,No,Spain,Male
15581871,Butler,1909.840588,578.475105,5374.709049,2,42,No,No,Yes,France,Male
15582892,Scott,2876.199753,620.0093464,7092.109285,3,46,Yes,No,Yes,France,Female
15566740,Nazarova,1685.180159,544.7764409,7255.117372,3,51,Yes,No,Yes,Germany,Female
15571529,Kirby,3105.216301,497.8796508,6685.560901,1,48,No,Yes,Yes,Germany,Female
15591047,Ma,2611.732935,412.4217644,4707.124546,3,47,Yes,Yes,Yes,Germany,Male
15575935,Baxter,5243.266016,669.2367469,6638.424706,1,59,No,Yes,No,France,Male
15583462,Graham,3227.956708,508.376104,5706.318389,1,28,No,Yes,No,France,Female
15584363,Longstaff,1313.81143,425.506603,4479.022041,2,30,No,No,No,France,Female
15588450,Chukwudi,4082.612405,602.3679229,7637.862716,1,60,Yes,Yes,No,Germany,Female
