WeightLoss,Diet
9.5,Low-carb
8.1,Low-carb
10.4,Low-carb
11.9,Low-carb
11.8,Low-carb
12.6,Low-carb
6.7,Low-carb
9.6,Low-carb
11.6,Low-carb
8.4,Low-carb
9,Low-carb
7.5,Low-carb
7.2,Low-carb
8.5,Low-carb
8.8,Low-carb
6.8,Low-carb
9.1,Low-carb
9.4,Low-carb
10.2,Low-carb
9.5,Low-carb
9.5,Low-carb
9.4,Low-carb
12,Low-carb
9.9,Low-carb
9.7,Low-carb
9.2,Low-carb
13,Low-carb
11.3,Low-carb
13.6,Low-carb
9,Low-carb
6.5,Low-fat
5.8,Low-fat
9.9,Low-fat
5.1,Low-fat
8,Low-fat
6.3,Low-fat
6.3,Low-fat
4.4,Low-fat
5.7,Low-fat
5.9,Low-fat
6.8,Low-fat
5.1,Low-fat
6.3,Low-fat
5.5,Low-fat
5.5,Low-fat
5.9,Low-fat
6.9,Low-fat
9.1,Low-fat
8,Low-fat
8.9,Low-fat
3.4,Low-fat
4.6,Low-fat
6.2,Low-fat
4.6,Low-fat
6.7,Low-fat
4.6,Low-fat
7.1,Low-fat
11,Low-fat
4.5,Low-fat
3.9,Low-fat
